"","gene_id","pri_mir_id"
"1","ENSG00000131584","hsa-mir-6726"
"2","ENSG00000127054","hsa-mir-6727"
"3","ENSG00000107404","hsa-mir-6808"
"4","ENSG00000142611","hsa-mir-4251"
"5","ENSG00000162591","hsa-mir-551a"
"6","ENSG00000074800","hsa-mir-6728"
"7","ENSG00000173614","hsa-mir-5697"
"8","ENSG00000116691","hsa-mir-6729"
"9","ENSG00000028137","hsa-mir-4632"
"10","ENSG00000162496","hsa-mir-6730"
"11","ENSG00000142619","hsa-mir-3972"
"12","ENSG00000159423","hsa-mir-4695"
"13","ENSG00000159423","hsa-mir-1290"
"14","ENSG00000075151","hsa-mir-1256"
"15","ENSG00000133216","hsa-mir-4684"
"16","ENSG00000004487","hsa-mir-3115"
"17","ENSG00000117676","hsa-mir-1976"
"18","ENSG00000162511","hsa-mir-4420"
"19","ENSG00000121775","hsa-mir-5585"
"20","ENSG00000163874","hsa-mir-6732"
"21","ENSG00000163875","hsa-mir-5581"
"22","ENSG00000066136","hsa-mir-30e"
"23","ENSG00000066136","hsa-mir-30c-1"
"24","ENSG00000066322","hsa-mir-6734"
"25","ENSG00000198198","hsa-mir-6735"
"26","ENSG00000126091","hsa-mir-6079"
"27","ENSG00000116205","hsa-mir-4781"
"28","ENSG00000132849","hsa-mir-12132"
"29","ENSG00000132849","hsa-mir-3116-1"
"30","ENSG00000158966","hsa-mir-4794"
"31","ENSG00000118473","hsa-mir-3117"
"32","ENSG00000116729","hsa-mir-1262"
"33","ENSG00000132485","hsa-mir-186"
"34","ENSG00000117069","hsa-mir-7156"
"35","ENSG00000122417","hsa-mir-7856"
"36","ENSG00000137996","hsa-mir-553"
"37","ENSG00000116815","hsa-mir-548ac"
"38","ENSG00000116830","hsa-mir-942"
"39","ENSG00000131788","hsa-mir-6736"
"40","ENSG00000143374","hsa-mir-6878"
"41","ENSG00000143367","hsa-mir-554"
"42","ENSG00000143570","hsa-mir-6737"
"43","ENSG00000143552","hsa-mir-5698"
"44","ENSG00000173207","hsa-mir-4258"
"45","ENSG00000116584","hsa-mir-6738"
"46","ENSG00000132694","hsa-mir-765"
"47","ENSG00000213085","hsa-mir-4259"
"48","ENSG00000198929","hsa-mir-4654"
"49","ENSG00000198929","hsa-mir-556"
"50","ENSG00000143164","hsa-mir-1255b-2"
"51","ENSG00000203740","hsa-mir-3119-2"
"52","ENSG00000007933","hsa-mir-1295b"
"53","ENSG00000197959","hsa-mir-3120"
"54","ENSG00000143207","hsa-mir-1843"
"55","ENSG00000152092","hsa-mir-488"
"56","ENSG00000143340","hsa-mir-12116"
"57","ENSG00000230124","hsa-mir-3121"
"58","ENSG00000134371","hsa-mir-1278"
"59","ENSG00000162687","hsa-mir-4735"
"60","ENSG00000134369","hsa-mir-5191"
"61","ENSG00000134369","hsa-mir-1231"
"62","ENSG00000198700","hsa-mir-6739"
"63","ENSG00000176393","hsa-mir-6740"
"64","ENSG00000263528","hsa-mir-6769b"
"65","ENSG00000143476","hsa-mir-3122"
"66","ENSG00000118873","hsa-mir-664a"
"67","ENSG00000143748","hsa-mir-320b-2"
"68","ENSG00000162923","hsa-mir-4742"
"69","ENSG00000143811","hsa-mir-6741"
"70","ENSG00000143816","hsa-mir-5008"
"71","ENSG00000154370","hsa-mir-6742"
"72","ENSG00000135750","hsa-mir-4427"
"73","ENSG00000183780","hsa-mir-4671"
"74","ENSG00000054267","hsa-mir-4753"
"75","ENSG00000143669","hsa-mir-1537"
"76","ENSG00000054282","hsa-mir-4677"
"77","ENSG00000170525","hsa-mir-3155a"
"78","ENSG00000260314","hsa-mir-511"
"79","ENSG00000204682","hsa-mir-1915"
"80","ENSG00000120549","hsa-mir-603"
"81","ENSG00000197321","hsa-mir-604"
"82","ENSG00000197321","hsa-mir-938"
"83","ENSG00000108094","hsa-mir-3611"
"84","ENSG00000150275","hsa-mir-548f-1"
"85","ENSG00000171988","hsa-mir-1296"
"86","ENSG00000156026","hsa-mir-4676"
"87","ENSG00000152782","hsa-mir-107"
"88","ENSG00000095713","hsa-mir-3085"
"89","ENSG00000095539","hsa-mir-608"
"90","ENSG00000166171","hsa-mir-3158-1"
"91","ENSG00000108061","hsa-mir-548e"
"92","ENSG00000119913","hsa-mir-6715a"
"93","ENSG00000151532","hsa-mir-4295"
"94","ENSG00000198873","hsa-mir-4681"
"95","ENSG00000175029","hsa-mir-4296"
"96","ENSG00000108001","hsa-mir-4297"
"97","ENSG00000127884","hsa-mir-3944"
"98","ENSG00000177963","hsa-mir-6743"
"99","ENSG00000117983","hsa-mir-6744"
"100","ENSG00000167244","hsa-mir-483"
"101","ENSG00000175356","hsa-mir-5691"
"102","ENSG00000133816","hsa-mir-6124"
"103","ENSG00000110435","hsa-mir-1343"
"104","ENSG00000179241","hsa-mir-3973"
"105","ENSG00000149091","hsa-mir-4688"
"106","ENSG00000110497","hsa-mir-3160-1"
"107","ENSG00000175216","hsa-mir-5582"
"108","ENSG00000165912","hsa-mir-6745"
"109","ENSG00000149177","hsa-mir-3161"
"110","ENSG00000110048","hsa-mir-3162"
"111","ENSG00000149485","hsa-mir-1908"
"112","ENSG00000221968","hsa-mir-6746"
"113","ENSG00000254772","hsa-mir-6747"
"114","ENSG00000185475","hsa-mir-6748"
"115","ENSG00000162302","hsa-mir-1237"
"116","ENSG00000110047","hsa-mir-10392"
"117","ENSG00000110046","hsa-mir-6750"
"118","ENSG00000110046","hsa-mir-6749"
"119","ENSG00000213465","hsa-mir-6879"
"120","ENSG00000162298","hsa-mir-6751"
"121","ENSG00000197136","hsa-mir-4690"
"122","ENSG00000213445","hsa-mir-4489"
"123","ENSG00000173599","hsa-mir-3163"
"124","ENSG00000173227","hsa-mir-6860"
"125","ENSG00000110711","hsa-mir-6752"
"126","ENSG00000110717","hsa-mir-7113"
"127","ENSG00000110717","hsa-mir-4691"
"128","ENSG00000110719","hsa-mir-6753"
"129","ENSG00000162341","hsa-mir-3164"
"130","ENSG00000131626","hsa-mir-548k"
"131","ENSG00000162105","hsa-mir-3664"
"132","ENSG00000172890","hsa-mir-6754"
"133","ENSG00000137497","hsa-mir-3165"
"134","ENSG00000186642","hsa-mir-139"
"135","ENSG00000054938","hsa-mir-4696"
"136","ENSG00000137486","hsa-mir-326"
"137","ENSG00000074266","hsa-mir-6755"
"138","ENSG00000020922","hsa-mir-548l"
"139","ENSG00000137672","hsa-mir-3920"
"140","ENSG00000149295","hsa-mir-4301"
"141","ENSG00000076706","hsa-mir-6756"
"142","ENSG00000178878","hsa-mir-613"
"143","ENSG00000139168","hsa-mir-7851"
"144","ENSG00000179715","hsa-mir-4698"
"145","ENSG00000152556","hsa-mir-6505"
"146","ENSG00000139620","hsa-mir-1291"
"147","ENSG00000174233","hsa-mir-4701"
"148","ENSG00000050405","hsa-mir-1293"
"149","ENSG00000111077","hsa-mir-6757"
"150","ENSG00000172789","hsa-mir-615"
"151","ENSG00000198353","hsa-mir-615"
"152","ENSG00000111481","hsa-mir-148b"
"153","ENSG00000123384","hsa-mir-1228"
"154","ENSG00000166986","hsa-mir-6758"
"155","ENSG00000175197","hsa-mir-616"
"156","ENSG00000135446","hsa-mir-6759"
"157","ENSG00000175215","hsa-mir-26a-2"
"158","ENSG00000153179","hsa-mir-548c"
"159","ENSG00000067715","hsa-mir-1252"
"160","ENSG00000111052","hsa-mir-617"
"161","ENSG00000111052","hsa-mir-618"
"162","ENSG00000111058","hsa-mir-4699"
"163","ENSG00000171310","hsa-mir-3922"
"164","ENSG00000084112","hsa-mir-619"
"165","ENSG00000111249","hsa-mir-6760"
"166","ENSG00000111275","hsa-mir-6761"
"167","ENSG00000111300","hsa-mir-3657"
"168","ENSG00000123064","hsa-mir-7106"
"169","ENSG00000186815","hsa-mir-6762"
"170","ENSG00000123066","hsa-mir-620"
"171","ENSG00000089154","hsa-mir-4498"
"172","ENSG00000089094","hsa-mir-7107"
"173","ENSG00000090975","hsa-mir-4304"
"174","ENSG00000181234","hsa-mir-3612"
"175","ENSG00000112787","hsa-mir-6763"
"176","ENSG00000165475","hsa-mir-4499"
"177","ENSG00000182957","hsa-mir-2276"
"178","ENSG00000152767","hsa-mir-3170"
"179","ENSG00000134882","hsa-mir-623"
"180","ENSG00000125246","hsa-mir-4306"
"181","ENSG00000134871","hsa-mir-8073"
"182","ENSG00000139842","hsa-mir-8075"
"183","ENSG00000130177","hsa-mir-548ar"
"184","ENSG00000092054","hsa-mir-208b"
"185","ENSG00000196792","hsa-mir-624"
"186","ENSG00000087299","hsa-mir-4504"
"187","ENSG00000131979","hsa-mir-4308"
"188","ENSG00000139970","hsa-mir-5586"
"189","ENSG00000257365","hsa-mir-4706"
"190","ENSG00000125954","hsa-mir-4706"
"191","ENSG00000033170","hsa-mir-625"
"192","ENSG00000182732","hsa-mir-7843"
"193","ENSG00000100628","hsa-mir-4506"
"194","ENSG00000100697","hsa-mir-3173"
"195","ENSG00000196405","hsa-mir-342"
"196","ENSG00000100811","hsa-mir-6764"
"197","ENSG00000214548","hsa-mir-770"
"198","ENSG00000184916","hsa-mir-6765"
"199","ENSG00000206190","hsa-mir-4715"
"200","ENSG00000134160","hsa-mir-211"
"201","ENSG00000175265","hsa-mir-1233-1"
"202","ENSG00000215252","hsa-mir-1233-2"
"203","ENSG00000134146","hsa-mir-3942"
"204","ENSG00000134138","hsa-mir-8063"
"205","ENSG00000137877","hsa-mir-4310"
"206","ENSG00000166887","hsa-mir-627"
"207","ENSG00000128833","hsa-mir-1266"
"208","ENSG00000260916","hsa-mir-628"
"209","ENSG00000157483","hsa-mir-2116"
"210","ENSG00000166831","hsa-mir-1272"
"211","ENSG00000174485","hsa-mir-4511"
"212","ENSG00000174446","hsa-mir-4512"
"213","ENSG00000140350","hsa-mir-4312"
"214","ENSG00000140332","hsa-mir-629"
"215","ENSG00000067141","hsa-mir-12135"
"216","ENSG00000138623","hsa-mir-6881"
"217","ENSG00000140474","hsa-mir-6882"
"218","ENSG00000183655","hsa-mir-1276"
"219","ENSG00000140521","hsa-mir-6766"
"220","ENSG00000250021","hsa-mir-5094"
"221","ENSG00000157823","hsa-mir-5094"
"222","ENSG00000250021","hsa-mir-5009"
"223","ENSG00000157823","hsa-mir-5009"
"224","ENSG00000140548","hsa-mir-3174"
"225","ENSG00000173575","hsa-mir-3175"
"226","ENSG00000140443","hsa-mir-4714"
"227","ENSG00000103326","hsa-mir-5587"
"228","ENSG00000103326","hsa-mir-3176"
"229","ENSG00000138834","hsa-mir-3177"
"230","ENSG00000008710","hsa-mir-1225"
"231","ENSG00000162063","hsa-mir-6767"
"232","ENSG00000162062","hsa-mir-6768"
"233","ENSG00000102858","hsa-mir-6769a"
"234","ENSG00000166501","hsa-mir-1273h"
"235","ENSG00000184110","hsa-mir-6862-2"
"236","ENSG00000176953","hsa-mir-4517"
"237","ENSG00000005844","hsa-mir-4518"
"238","ENSG00000099385","hsa-mir-4519"
"239","ENSG00000121281","hsa-mir-6771"
"240","ENSG00000083799","hsa-mir-3181"
"241","ENSG00000087258","hsa-mir-3935"
"242","ENSG00000070915","hsa-mir-6863"
"243","ENSG00000140859","hsa-mir-6772"
"244","ENSG00000103067","hsa-mir-6773"
"245","ENSG00000198373","hsa-mir-140"
"246","ENSG00000154102","hsa-mir-1910"
"247","ENSG00000140968","hsa-mir-6774"
"248","ENSG00000103257","hsa-mir-6775"
"249","ENSG00000179588","hsa-mir-5189"
"250","ENSG00000103335","hsa-mir-4722"
"251","ENSG00000159842","hsa-mir-3183"
"252","ENSG00000108509","hsa-mir-6864"
"253","ENSG00000108509","hsa-mir-6865"
"254","ENSG00000179094","hsa-mir-6883"
"255","ENSG00000065559","hsa-mir-744"
"256","ENSG00000153976","hsa-mir-548h-3"
"257","ENSG00000109099","hsa-mir-4731"
"258","ENSG00000108474","hsa-mir-1288"
"259","ENSG00000072310","hsa-mir-6777"
"260","ENSG00000072310","hsa-mir-33b"
"261","ENSG00000176974","hsa-mir-6778"
"262","ENSG00000108641","hsa-mir-1180"
"263","ENSG00000244045","hsa-mir-4723"
"264","ENSG00000126653","hsa-mir-423"
"265","ENSG00000275700","hsa-mir-2909"
"266","ENSG00000278053","hsa-mir-378j"
"267","ENSG00000275023","hsa-mir-4726"
"268","ENSG00000002834","hsa-mir-6779"
"269","ENSG00000141736","hsa-mir-4728"
"270","ENSG00000008838","hsa-mir-6884"
"271","ENSG00000108349","hsa-mir-6866"
"272","ENSG00000033627","hsa-mir-548at"
"273","ENSG00000108799","hsa-mir-6780a"
"274","ENSG00000126581","hsa-mir-6781"
"275","ENSG00000108312","hsa-mir-6782"
"276","ENSG00000186185","hsa-mir-6783"
"277","ENSG00000161714","hsa-mir-6784"
"278","ENSG00000005243","hsa-mir-152"
"279","ENSG00000141293","hsa-mir-1203"
"280","ENSG00000064300","hsa-mir-6165"
"281","ENSG00000182628","hsa-mir-454"
"282","ENSG00000182628","hsa-mir-301a"
"283","ENSG00000175155","hsa-mir-4729"
"284","ENSG00000108654","hsa-mir-3064"
"285","ENSG00000108654","hsa-mir-5047"
"286","ENSG00000154229","hsa-mir-634"
"287","ENSG00000154217","hsa-mir-548aa-2"
"288","ENSG00000070540","hsa-mir-635"
"289","ENSG00000154262","hsa-mir-4524a"
"290","ENSG00000177728","hsa-mir-6785"
"291","ENSG00000182473","hsa-mir-6868"
"292","ENSG00000129657","hsa-mir-6516"
"293","ENSG00000141519","hsa-mir-1268b"
"294","ENSG00000173818","hsa-mir-4730"
"295","ENSG00000181409","hsa-mir-657"
"296","ENSG00000181409","hsa-mir-338"
"297","ENSG00000181409","hsa-mir-1250"
"298","ENSG00000185359","hsa-mir-6786"
"299","ENSG00000141542","hsa-mir-4525"
"300","ENSG00000154864","hsa-mir-6788"
"301","ENSG00000168675","hsa-mir-5190"
"302","ENSG00000168675","hsa-mir-4526"
"303","ENSG00000180777","hsa-mir-3156-2"
"304","ENSG00000134504","hsa-mir-8057"
"305","ENSG00000134030","hsa-mir-4743"
"306","ENSG00000141627","hsa-mir-4744"
"307","ENSG00000167306","hsa-mir-4320"
"308","ENSG00000166342","hsa-mir-548av"
"309","ENSG00000011304","hsa-mir-4745"
"310","ENSG00000176619","hsa-mir-7108"
"311","ENSG00000276043","hsa-mir-4747"
"312","ENSG00000125651","hsa-mir-6885"
"313","ENSG00000125651","hsa-mir-6790"
"314","ENSG00000125734","hsa-mir-6791"
"315","ENSG00000076826","hsa-mir-6792"
"316","ENSG00000130734","hsa-mir-1238"
"317","ENSG00000079805","hsa-mir-638"
"318","ENSG00000079805","hsa-mir-4748"
"319","ENSG00000079805","hsa-mir-6793"
"320","ENSG00000130164","hsa-mir-6886"
"321","ENSG00000161914","hsa-mir-7974"
"322","ENSG00000105576","hsa-mir-10395"
"323","ENSG00000105613","hsa-mir-6794"
"324","ENSG00000179218","hsa-mir-6515"
"325","ENSG00000074181","hsa-mir-6795"
"326","ENSG00000130513","hsa-mir-3189"
"327","ENSG00000089356","hsa-mir-6887"
"328","ENSG00000105204","hsa-mir-6719"
"329","ENSG00000105221","hsa-mir-641"
"330","ENSG00000105223","hsa-mir-6796"
"331","ENSG00000105372","hsa-mir-6797"
"332","ENSG00000105429","hsa-mir-8077"
"333","ENSG00000069399","hsa-mir-8085"
"334","ENSG00000125746","hsa-mir-330"
"335","ENSG00000010310","hsa-mir-642a"
"336","ENSG00000105287","hsa-mir-320e"
"337","ENSG00000105327","hsa-mir-3191"
"338","ENSG00000183207","hsa-mir-6798"
"339","ENSG00000063127","hsa-mir-4324"
"340","ENSG00000126457","hsa-mir-5088"
"341","ENSG00000196961","hsa-mir-6799"
"342","ENSG00000104960","hsa-mir-4749"
"343","ENSG00000104946","hsa-mir-4750"
"344","ENSG00000105568","hsa-mir-6801"
"345","ENSG00000196214","hsa-mir-643"
"346","ENSG00000105063","hsa-mir-6804"
"347","ENSG00000105063","hsa-mir-6802"
"348","ENSG00000105063","hsa-mir-6803"
"349","ENSG00000108107","hsa-mir-6805"
"350","ENSG00000182318","hsa-mir-6806"
"351","ENSG00000130726","hsa-mir-6807"
"352","ENSG00000134324","hsa-mir-548s"
"353","ENSG00000071575","hsa-mir-3125"
"354","ENSG00000119772","hsa-mir-1301"
"355","ENSG00000158019","hsa-mir-4263"
"356","ENSG00000115760","hsa-mir-558"
"357","ENSG00000018699","hsa-mir-4765"
"358","ENSG00000119888","hsa-mir-559"
"359","ENSG00000179915","hsa-mir-8485"
"360","ENSG00000170340","hsa-mir-5192"
"361","ENSG00000119844","hsa-mir-4434"
"362","ENSG00000169604","hsa-mir-3126"
"363","ENSG00000132305","hsa-mir-4779"
"364","ENSG00000158158","hsa-mir-3127"
"365","ENSG00000115607","hsa-mir-4772"
"366","ENSG00000144063","hsa-mir-4436b-1"
"367","ENSG00000153107","hsa-mir-4771-2"
"368","ENSG00000115084","hsa-mir-4782"
"369","ENSG00000173272","hsa-mir-4784"
"370","ENSG00000153086","hsa-mir-5590"
"371","ENSG00000048991","hsa-mir-128-1"
"372","ENSG00000123610","hsa-mir-4773-1"
"373","ENSG00000115183","hsa-mir-6888"
"374","ENSG00000153250","hsa-mir-4785"
"375","ENSG00000172292","hsa-mir-4774"
"376","ENSG00000115966","hsa-mir-933"
"377","ENSG00000116044","hsa-mir-3128"
"378","ENSG00000144366","hsa-mir-561"
"379","ENSG00000168542","hsa-mir-1245a"
"380","ENSG00000204262","hsa-mir-3129"
"381","ENSG00000118246","hsa-mir-3130-2"
"382","ENSG00000118263","hsa-mir-2355"
"383","ENSG00000079308","hsa-mir-6809"
"384","ENSG00000127838","hsa-mir-6810"
"385","ENSG00000144579","hsa-mir-26b"
"386","ENSG00000163501","hsa-mir-3131"
"387","ENSG00000054356","hsa-mir-153-1"
"388","ENSG00000135905","hsa-mir-4439"
"389","ENSG00000144535","hsa-mir-562"
"390","ENSG00000115648","hsa-mir-6811"
"391","ENSG00000063660","hsa-mir-149"
"392","ENSG00000006607","hsa-mir-3133"
"393","ENSG00000088832","hsa-mir-6869"
"394","ENSG00000125779","hsa-mir-103a-2"
"395","ENSG00000101384","hsa-mir-6870"
"396","ENSG00000132664","hsa-mir-3192"
"397","ENSG00000125970","hsa-mir-4755"
"398","ENSG00000170471","hsa-mir-548o-2"
"399","ENSG00000124181","hsa-mir-6871"
"400","ENSG00000101076","hsa-mir-3646"
"401","ENSG00000124155","hsa-mir-6812"
"402","ENSG00000064655","hsa-mir-3616"
"403","ENSG00000101096","hsa-mir-3194"
"404","ENSG00000064787","hsa-mir-4756"
"405","ENSG00000174407","hsa-mir-1-1"
"406","ENSG00000101197","hsa-mir-3196"
"407","ENSG00000101199","hsa-mir-4326"
"408","ENSG00000101152","hsa-mir-941-1"
"409","ENSG00000101152","hsa-mir-941-2"
"410","ENSG00000101152","hsa-mir-941-3"
"411","ENSG00000101152","hsa-mir-941-4"
"412","ENSG00000101152","hsa-mir-941-5"
"413","ENSG00000198276","hsa-mir-1914"
"414","ENSG00000198276","hsa-mir-647"
"415","ENSG00000171700","hsa-mir-6813"
"416","ENSG00000185437","hsa-mir-6508"
"417","ENSG00000183421","hsa-mir-6814"
"418","ENSG00000160207","hsa-mir-6070"
"419","ENSG00000182871","hsa-mir-6815"
"420","ENSG00000015475","hsa-mir-3198-1"
"421","ENSG00000243156","hsa-mir-648"
"422","ENSG00000183597","hsa-mir-185"
"423","ENSG00000099899","hsa-mir-6816"
"424","ENSG00000040608","hsa-mir-1286"
"425","ENSG00000128294","hsa-mir-548j"
"426","ENSG00000100330","hsa-mir-6818"
"427","ENSG00000184792","hsa-mir-3200"
"428","ENSG00000133424","hsa-mir-4764"
"429","ENSG00000100345","hsa-mir-6819"
"430","ENSG00000100142","hsa-mir-6820"
"431","ENSG00000100372","hsa-mir-4766"
"432","ENSG00000100401","hsa-mir-6889"
"433","ENSG00000198911","hsa-mir-33a"
"434","ENSG00000100364","hsa-mir-1249"
"435","ENSG00000130638","hsa-mir-4762"
"436","ENSG00000198355","hsa-mir-6821"
"437","ENSG00000100239","hsa-mir-12114"
"438","ENSG00000157087","hsa-mir-885"
"439","ENSG00000206561","hsa-mir-4270"
"440","ENSG00000206560","hsa-mir-3134"
"441","ENSG00000114166","hsa-mir-3135a"
"442","ENSG00000172995","hsa-mir-128-2"
"443","ENSG00000144677","hsa-mir-26a-1"
"444","ENSG00000168026","hsa-mir-6822"
"445","ENSG00000229453","hsa-mir-2115"
"446","ENSG00000114268","hsa-mir-6823"
"447","ENSG00000225697","hsa-mir-6824"
"448","ENSG00000178149","hsa-mir-425"
"449","ENSG00000178149","hsa-mir-191"
"450","ENSG00000172053","hsa-mir-6890"
"451","ENSG00000114353","hsa-mir-5787"
"452","ENSG00000012171","hsa-mir-6872"
"453","ENSG00000164091","hsa-let-7g"
"454","ENSG00000248592","hsa-mir-8064"
"455","ENSG00000213533","hsa-mir-8064"
"456","ENSG00000187672","hsa-mir-3938"
"457","ENSG00000144747","hsa-mir-3136"
"458","ENSG00000114861","hsa-mir-1284"
"459","ENSG00000168386","hsa-mir-3921"
"460","ENSG00000114529","hsa-mir-567"
"461","ENSG00000072858","hsa-mir-4446"
"462","ENSG00000181722","hsa-mir-4796"
"463","ENSG00000082701","hsa-mir-6529"
"464","ENSG00000145087","hsa-mir-5682"
"465","ENSG00000065485","hsa-mir-7110"
"466","ENSG00000160145","hsa-mir-5002"
"467","ENSG00000160145","hsa-mir-6083"
"468","ENSG00000114491","hsa-mir-544b"
"469","ENSG00000221955","hsa-mir-5092"
"470","ENSG00000163870","hsa-mir-6825"
"471","ENSG00000163870","hsa-mir-7976"
"472","ENSG00000181789","hsa-mir-6826"
"473","ENSG00000196353","hsa-mir-5704"
"474","ENSG00000114019","hsa-mir-6827"
"475","ENSG00000113810","hsa-mir-15b"
"476","ENSG00000113810","hsa-mir-16-2"
"477","ENSG00000013297","hsa-mir-6828"
"478","ENSG00000154310","hsa-mir-569"
"479","ENSG00000145198","hsa-mir-1224"
"480","ENSG00000113790","hsa-mir-5588"
"481","ENSG00000073792","hsa-mir-548aq"
"482","ENSG00000156976","hsa-mir-1248"
"483","ENSG00000073282","hsa-mir-944"
"484","ENSG00000173950","hsa-mir-3137"
"485","ENSG00000061938","hsa-mir-6829"
"486","ENSG00000075711","hsa-mir-4797"
"487","ENSG00000131127","hsa-mir-571"
"488","ENSG00000163995","hsa-mir-95"
"489","ENSG00000145147","hsa-mir-218-1"
"490","ENSG00000197712","hsa-mir-574"
"491","ENSG00000134962","hsa-mir-5591"
"492","ENSG00000163694","hsa-mir-4802"
"493","ENSG00000138771","hsa-mir-4450"
"494","ENSG00000138771","hsa-mir-548ah"
"495","ENSG00000145284","hsa-mir-575"
"496","ENSG00000164024","hsa-mir-3684"
"497","ENSG00000138814","hsa-mir-8066"
"498","ENSG00000138814","hsa-mir-1255a"
"499","ENSG00000138802","hsa-mir-576"
"500","ENSG00000145362","hsa-mir-1243"
"501","ENSG00000145362","hsa-mir-8082"
"502","ENSG00000174607","hsa-mir-577"
"503","ENSG00000109458","hsa-mir-3139"
"504","ENSG00000071205","hsa-mir-4799"
"505","ENSG00000109670","hsa-mir-3140"
"506","ENSG00000109472","hsa-mir-578"
"507","ENSG00000109586","hsa-mir-548t"
"508","ENSG00000113504","hsa-mir-4635"
"509","ENSG00000153395","hsa-mir-6075"
"510","ENSG00000112902","hsa-mir-4636"
"511","ENSG00000154122","hsa-mir-4637"
"512","ENSG00000056097","hsa-mir-579"
"513","ENSG00000164187","hsa-mir-580"
"514","ENSG00000113594","hsa-mir-3650"
"515","ENSG00000164287","hsa-mir-449a"
"516","ENSG00000164287","hsa-mir-449b"
"517","ENSG00000164287","hsa-mir-449c"
"518","ENSG00000067113","hsa-mir-5687"
"519","ENSG00000131711","hsa-mir-4803"
"520","ENSG00000083312","hsa-mir-4804"
"521","ENSG00000113532","hsa-mir-548p"
"522","ENSG00000186952","hsa-mir-548f-3"
"523","ENSG00000172869","hsa-mir-5706"
"524","ENSG00000066583","hsa-mir-4633"
"525","ENSG00000072682","hsa-mir-6830"
"526","ENSG00000053108","hsa-mir-1289-2"
"527","ENSG00000146021","hsa-mir-874"
"528","ENSG00000113108","hsa-mir-6831"
"529","ENSG00000169247","hsa-mir-584"
"530","ENSG00000155846","hsa-mir-378a"
"531","ENSG00000086570","hsa-mir-6499"
"532","ENSG00000164574","hsa-mir-1294"
"533","ENSG00000120137","hsa-mir-103a-1"
"534","ENSG00000134516","hsa-mir-378e"
"535","ENSG00000214357","hsa-mir-5003"
"536","ENSG00000113719","hsa-mir-10523"
"537","ENSG00000175414","hsa-mir-1271"
"538","ENSG00000074317","hsa-mir-4281"
"539","ENSG00000161013","hsa-mir-1229"
"540","ENSG00000113269","hsa-mir-340"
"541","ENSG00000214113","hsa-mir-3691"
"542","ENSG00000124491","hsa-mir-7853"
"543","ENSG00000007944","hsa-mir-4639"
"544","ENSG00000204574","hsa-mir-877"
"545","ENSG00000204580","hsa-mir-4640"
"546","ENSG00000234745","hsa-mir-6891"
"547","ENSG00000204469","hsa-mir-6832"
"548","ENSG00000204427","hsa-mir-4646"
"549","ENSG00000204356","hsa-mir-1236"
"550","ENSG00000204308","hsa-mir-6833"
"551","ENSG00000227057","hsa-mir-6873"
"552","ENSG00000204220","hsa-mir-6834"
"553","ENSG00000137309","hsa-mir-6835"
"554","ENSG00000198755","hsa-mir-7111"
"555","ENSG00000112164","hsa-mir-9983"
"556","ENSG00000112561","hsa-mir-10398"
"557","ENSG00000124574","hsa-mir-6780b"
"558","ENSG00000096401","hsa-mir-4642"
"559","ENSG00000146143","hsa-mir-548u"
"560","ENSG00000111879","hsa-mir-548b"
"561","ENSG00000112339","hsa-mir-3662"
"562","ENSG00000135540","hsa-mir-3145"
"563","ENSG00000175048","hsa-mir-3692"
"564","ENSG00000146433","hsa-mir-7161"
"565","ENSG00000071242","hsa-mir-1913"
"566","ENSG00000112584","hsa-mir-4644"
"567","ENSG00000146540","hsa-mir-339"
"568","ENSG00000106266","hsa-mir-6836"
"569","ENSG00000106003","hsa-mir-4648"
"570","ENSG00000155034","hsa-mir-589"
"571","ENSG00000011275","hsa-mir-6874"
"572","ENSG00000105849","hsa-mir-3146"
"573","ENSG00000105866","hsa-mir-1183"
"574","ENSG00000180233","hsa-mir-550a-1"
"575","ENSG00000173852","hsa-mir-548n"
"576","ENSG00000155849","hsa-mir-1200"
"577","ENSG00000002746","hsa-mir-3943"
"578","ENSG00000136279","hsa-mir-6837"
"579","ENSG00000106624","hsa-mir-4649"
"580","ENSG00000196247","hsa-mir-6839"
"581","ENSG00000106682","hsa-mir-590"
"582","ENSG00000006704","hsa-mir-10525"
"583","ENSG00000127948","hsa-mir-4651"
"584","ENSG00000001631","hsa-mir-1285-1"
"585","ENSG00000004948","hsa-mir-653"
"586","ENSG00000004948","hsa-mir-489"
"587","ENSG00000196367","hsa-mir-3609"
"588","ENSG00000166508","hsa-mir-25"
"589","ENSG00000166508","hsa-mir-93"
"590","ENSG00000166508","hsa-mir-106b"
"591","ENSG00000087077","hsa-mir-6875"
"592","ENSG00000106367","hsa-mir-4653"
"593","ENSG00000160999","hsa-mir-4285"
"594","ENSG00000161036","hsa-mir-4467"
"595","ENSG00000128573","hsa-mir-3666"
"596","ENSG00000197157","hsa-mir-593"
"597","ENSG00000106484","hsa-mir-335"
"598","ENSG00000106554","hsa-mir-3654"
"599","ENSG00000131558","hsa-mir-6133"
"600","ENSG00000105875","hsa-mir-6509"
"601","ENSG00000181072","hsa-mir-490"
"602","ENSG00000159840","hsa-mir-6892"
"603","ENSG00000127377","hsa-mir-3907"
"604","ENSG00000036448","hsa-mir-7160"
"605","ENSG00000155189","hsa-mir-4659a"
"606","ENSG00000173273","hsa-mir-597"
"607","ENSG00000254093","hsa-mir-1322"
"608","ENSG00000171044","hsa-mir-598"
"609","ENSG00000154359","hsa-mir-3926-1"
"610","ENSG00000129422","hsa-mir-548v"
"611","ENSG00000277586","hsa-mir-6841"
"612","ENSG00000147459","hsa-mir-6876"
"613","ENSG00000120899","hsa-mir-6842"
"614","ENSG00000120885","hsa-mir-6843"
"615","ENSG00000168079","hsa-mir-4287"
"616","ENSG00000104332","hsa-mir-548ao"
"617","ENSG00000029534","hsa-mir-486-1"
"618","ENSG00000120925","hsa-mir-4469"
"619","ENSG00000214954","hsa-mir-4661"
"620","ENSG00000164929","hsa-mir-3151"
"621","ENSG00000156802","hsa-mir-548d-1"
"622","ENSG00000147687","hsa-mir-6844"
"623","ENSG00000155926","hsa-mir-7848"
"624","ENSG00000169398","hsa-mir-151a"
"625","ENSG00000180921","hsa-mir-4664"
"626","ENSG00000185189","hsa-mir-6845"
"627","ENSG00000178209","hsa-mir-661"
"628","ENSG00000178814","hsa-mir-6846"
"629","ENSG00000178896","hsa-mir-6847"
"630","ENSG00000261236","hsa-mir-7112"
"631","ENSG00000160949","hsa-mir-6893"
"632","ENSG00000187954","hsa-mir-10400"
"633","ENSG00000161016","hsa-mir-6850"
"634","ENSG00000120158","hsa-mir-101-2"
"635","ENSG00000178031","hsa-mir-3152"
"636","ENSG00000171843","hsa-mir-4473"
"637","ENSG00000171843","hsa-mir-4474"
"638","ENSG00000165271","hsa-mir-6851"
"639","ENSG00000107140","hsa-mir-4667"
"640","ENSG00000107175","hsa-mir-6853"
"641","ENSG00000196092","hsa-mir-4540"
"642","ENSG00000196092","hsa-mir-4476"
"643","ENSG00000165119","hsa-mir-7-1"
"644","ENSG00000123975","hsa-mir-3153"
"645","ENSG00000196305","hsa-mir-3651"
"646","ENSG00000106823","hsa-mir-4670"
"647","ENSG00000197724","hsa-mir-548au"
"648","ENSG00000148120","hsa-mir-2278"
"649","ENSG00000148120","hsa-mir-6081"
"650","ENSG00000148120","hsa-mir-23b"
"651","ENSG00000148120","hsa-mir-27b"
"652","ENSG00000148120","hsa-mir-24-1"
"653","ENSG00000106771","hsa-mir-32"
"654","ENSG00000148154","hsa-mir-4668"
"655","ENSG00000196739","hsa-mir-455"
"656","ENSG00000106992","hsa-mir-4672"
"657","ENSG00000136878","hsa-mir-6855"
"658","ENSG00000107164","hsa-mir-6856"
"659","ENSG00000165702","hsa-mir-548aw"
"660","ENSG00000148308","hsa-mir-6877"
"661","ENSG00000186350","hsa-mir-4669"
"662","ENSG00000148400","hsa-mir-4673"
"663","ENSG00000172889","hsa-mir-126"
"664","ENSG00000267206","hsa-mir-6722"
"665","ENSG00000127191","hsa-mir-4479"
"666","ENSG00000184709","hsa-mir-3621"
"667","ENSG00000198223","hsa-mir-3690-1"
"668","ENSG00000047648","hsa-mir-548ax"
"669","ENSG00000198759","hsa-mir-6086"
"670","ENSG00000047230","hsa-mir-548am"
"671","ENSG00000184368","hsa-mir-23c"
"672","ENSG00000171365","hsa-mir-532"
"673","ENSG00000171365","hsa-mir-188"
"674","ENSG00000171365","hsa-mir-500a"
"675","ENSG00000171365","hsa-mir-362"
"676","ENSG00000171365","hsa-mir-501"
"677","ENSG00000171365","hsa-mir-500b"
"678","ENSG00000171365","hsa-mir-660"
"679","ENSG00000171365","hsa-mir-502"
"680","ENSG00000126012","hsa-mir-6895"
"681","ENSG00000126012","hsa-mir-6894"
"682","ENSG00000072501","hsa-mir-6857"
"683","ENSG00000188419","hsa-mir-361"
"684","ENSG00000147231","hsa-mir-548an"
"685","ENSG00000126016","hsa-mir-4329"
"686","ENSG00000147246","hsa-mir-764"
"687","ENSG00000147246","hsa-mir-1912"
"688","ENSG00000147246","hsa-mir-1264"
"689","ENSG00000147246","hsa-mir-1298"
"690","ENSG00000147246","hsa-mir-1911"
"691","ENSG00000147246","hsa-mir-448"
"692","ENSG00000131725","hsa-mir-1277"
"693","ENSG00000125354","hsa-mir-766"
"694","ENSG00000102243","hsa-mir-934"
"695","ENSG00000129682","hsa-mir-504"
"696","ENSG00000102287","hsa-mir-224"
"697","ENSG00000102287","hsa-mir-452"
"698","ENSG00000011677","hsa-mir-105-1"
"699","ENSG00000011677","hsa-mir-767"
"700","ENSG00000011677","hsa-mir-105-2"
"701","ENSG00000063587","hsa-mir-12129"
"702","ENSG00000177854","hsa-mir-3202-1"
"703","ENSG00000071859","hsa-mir-6858"
"704","ENSG00000130826","hsa-mir-664b"
"705","ENSG00000185010","hsa-mir-1184-1"
