"","interaction","RBP","miRNA","sign"
"1","DDX55 - miR-29-3p","DDX55","miR-29-3p","-"
"2","FAM120A - miR-29-3p","FAM120A","miR-29-3p","+"
"3","FMR1 - miR-296-3p","FMR1","miR-296-3p","+"
"4","IGF2BP2 - miR-17-5p","IGF2BP2","miR-17-5p","+"
"5","MSI2 - miR-17-5p","MSI2","miR-17-5p","+"
"6","PABPC4 - miR-17-5p","PABPC4","miR-17-5p","+"
"7","PTBP1 - miR-29-3p","PTBP1","miR-29-3p","-"
"8","RPLP0 - miR-29-3p","RPLP0","miR-29-3p","-"
"9","SERBP1 - miR-133-3p","SERBP1","miR-133-3p","-"
"10","SF1 - miR-199-5p","SF1","miR-199-5p","-"
"11","SUPV3L1 - miR-17-5p","SUPV3L1","miR-17-5p","+"
"12","SUPV3L1 - miR-19-3p","SUPV3L1","miR-19-3p","+"
