"interaction","RBP","miRNA","sign","cell_line"
"DDX55 - miR-29-3p","DDX55","miR-29-3p","-","HepG2"
"FAM120A - miR-29-3p","FAM120A","miR-29-3p","+","HepG2"
"IGF2BP2 - miR-17-5p","IGF2BP2","miR-17-5p","+","HepG2"
"MSI2 - miR-17-5p","MSI2","miR-17-5p","+","HepG2"
"PABPC4 - miR-17-5p","PABPC4","miR-17-5p","+","HepG2"
"PTBP1 - miR-29-3p","PTBP1","miR-29-3p","-","HepG2"
"RPLP0 - miR-29-3p","RPLP0","miR-29-3p","-","HepG2"
"SF1 - miR-199-5p","SF1","miR-199-5p","-","HepG2"
"SUPV3L1 - miR-17-5p","SUPV3L1","miR-17-5p","+","K562"
"SUPV3L1 - miR-19-3p","SUPV3L1","miR-19-3p","+","K562"
