"cancer_type","miRNA","n_samples","median_coefficient"
"BLCA","miR-29-3p",162,-0.0731463060096129
"BLCA","miR-200bc-3p",20,0.057395361017643
"BLCA","let-7-5p",11,-0.0972128513686721
"BRCA","miR-29-3p",420,-0.0588130350845949
"BRCA","miR-26-5p",73,-0.0698572430569509
"BRCA","miR-200bc-3p",69,0.0522168344663077
"BRCA","miR-143-3p",25,-0.0567748617430511
"BRCA","miR-19-3p",19,0.0790752290200376
"BRCA","let-7-5p",15,-0.0914837182155317
"BRCA","miR-21-5p",14,0.072976237321009
"CHOL","miR-122-5p",35,-0.166620017163857
"COAD","miR-19-3p",92,0.0713765968197191
"COAD","miR-29-3p",48,-0.0570639251536559
"COAD","miR-138-5p",21,0.0731598776669437
"COAD","miR-25-3p",13,0.0946208248661575
"COAD","miR-590-3p",11,0.0348314099240923
"ESCA","miR-29-3p",100,-0.0622312241642868
"ESCA","miR-19-3p",14,0.0582221106270766
"HNSC","miR-29-3p",39,-0.0589261276371501
"KICH","miR-221-3p",10,0.0898930353385403
"KIRC","miR-30-5p",436,-0.0726378876264981
"KIRC","miR-29-3p",392,-0.0691920305840926
"KIRC","miR-590-3p",30,0.0314301424291775
"KIRC","miR-142-3p",22,0.0955555565846911
"KIRP","miR-30-5p",109,-0.0661228793269525
"KIRP","miR-29-3p",27,-0.0639619864943857
"KIRP","miR-376c-3p",16,0.0918779604739807
"LIHC","miR-122-5p",59,-0.143657571709603
"LUAD","miR-29-3p",180,-0.0623325996749481
"LUAD","let-7-5p",67,-0.0781131777608485
"LUAD","miR-30-5p",57,-0.0496169009996867
"LUAD","miR-138-5p",25,0.0656286925490345
"LUAD","miR-1-3p",21,0.0704359696982605
"LUAD","miR-200bc-3p",14,0.0497885843221746
"LUSC","miR-29-3p",270,-0.0680901277628553
"LUSC","let-7-5p",19,-0.0760957210574264
"LUSC","miR-30-5p",11,-0.0524938195332831
"LUSC","miR-26-5p",10,-0.0769352025808285
"PRAD","miR-29-3p",36,-0.0556942140917367
"READ","miR-29-3p",13,-0.0671742570791775
"STAD","miR-29-3p",180,-0.0602083058995559
"STAD","miR-376c-3p",47,0.0879275113048484
"STAD","miR-19-3p",33,0.0651744825652574
"STAD","let-7-5p",26,-0.084744641220811
"STAD","miR-200bc-3p",15,0.0518304289944735
"THCA","miR-29-3p",26,-0.0475899252379602
"UCEC","miR-29-3p",127,-0.0775833336132783
"UCEC","miR-200bc-3p",96,0.0702733222407866
"UCEC","miR-26-5p",40,-0.0866217111140573
"UCEC","let-7-5p",35,-0.110038126233462
"UCEC","miR-204-5p",30,0.0725727432981896
"UCEC","miR-19-3p",29,0.0784930369167939
"UCEC","miR-9-5p",10,0.0983864784429169
